{
  "gnc2_cov": 0.33412057768471914,
  "gnc2_avg": -0.3351758715263152,
  "unc3_cov": 0.1810914037826965,
  "unc3_avg": 0.2728323699421965,
  "total_analyzed_tokens": 3670130
}