{
  "gnc2_cov": 0.4586503739654223,
  "gnc2_avg": -0.32350372259013166,
  "unc3_cov": 0.2127135308035099,
  "unc3_avg": 0.30751445086705204,
  "total_analyzed_tokens": 3670130
}