{
  "gnc2_cov": 0.47024181806210125,
  "gnc2_avg": -0.3225315325343163,
  "unc3_cov": 0.22383672767987886,
  "unc3_avg": 0.31213872832369943,
  "total_analyzed_tokens": 3670130
}