{
  "gnc2_cov": 0.3777600551428656,
  "gnc2_avg": -0.3308597511479143,
  "unc3_cov": 0.19137850051714253,
  "unc3_avg": 0.3421965317919075,
  "total_analyzed_tokens": 3670130
}