{
  "gnc2_cov": 0.3330097631737379,
  "gnc2_avg": -0.33527176445150864,
  "unc3_cov": 0.19640377964161246,
  "unc3_avg": 0.27226120786823255,
  "total_analyzed_tokens": 11028756
}