{
  "gnc2_cov": 0.3725405434126379,
  "gnc2_avg": -0.3321010442031975,
  "unc3_cov": 0.19875504507563443,
  "unc3_avg": 0.26799500660534004,
  "total_analyzed_tokens": 11028756
}