{
  "gnc2_cov": 0.37468107284367275,
  "gnc2_avg": -0.33192844390490733,
  "unc3_cov": 0.19124043578861283,
  "unc3_avg": 0.2682080924855491,
  "total_analyzed_tokens": 3670130
}