{
  "gnc2_cov": 0.3772209538228555,
  "gnc2_avg": -0.3308838539927288,
  "unc3_cov": 0.18984166299973168,
  "unc3_avg": 0.3428474469451817,
  "total_analyzed_tokens": 11028756
}