{
  "gnc2_cov": 0.34551602708226575,
  "gnc2_avg": -0.3330993462031467,
  "unc3_cov": 0.19040881354310502,
  "unc3_avg": 0.33896908216073396,
  "total_analyzed_tokens": 11028756
}