{
  "gnc2_cov": 0.37539399145651614,
  "gnc2_avg": -0.3310322261295013,
  "unc3_cov": 0.18913506212629017,
  "unc3_avg": 0.3420717739882922,
  "total_analyzed_tokens": 11028756
}