{
  "gnc2_cov": 0.4660998711566305,
  "gnc2_avg": -0.32288896280858986,
  "unc3_cov": 0.21866959679949022,
  "unc3_avg": 0.3125962016264892,
  "total_analyzed_tokens": 11028756
}