{
  "gnc2_cov": 0.34756466560321453,
  "gnc2_avg": -0.33294263069997143,
  "unc3_cov": 0.21196942637594218,
  "unc3_avg": 0.3375722543352601,
  "total_analyzed_tokens": 3670130
}