{
  "gnc2": 0.4586503739654223,
  "unc3": 0.2127135308035099,
  "total_analyzed_tokens": 3670130
}