{
  "gnc2_cov": 0.4553939730501195,
  "gnc2_avg": -0.3237401759359823,
  "unc3_cov": 0.2331493434435115,
  "unc3_avg": 0.30716649092826237,
  "total_analyzed_tokens": 11028756
}