{
  "per_turn_metrics": [
    {
      "total_generated_tokens": 461,
      "chunk_svd_entropies": [
        4.00407600402832,
        3.8978075981140137,
        3.8399507999420166,
        3.9205949306488037,
        3.818934440612793
      ],
      "question_id": 84
    },
    {
      "total_generated_tokens": 165,
      "chunk_svd_entropies": [
        3.192300796508789,
        3.1749465465545654,
        3.1896486282348633,
        3.1498091220855713,
        3.1280035972595215
      ],
      "question_id": 85
    },
    {
      "total_generated_tokens": 257,
      "chunk_svd_entropies": [
        3.5338170528411865,
        3.4969613552093506,
        3.4940969944000244,
        3.572847843170166,
        3.5808255672454834
      ],
      "question_id": 86
    }
  ],
  "summary": {
    "avg_chunk_1_svd_entropy": 3.576731284459432,
    "avg_chunk_2_svd_entropy": 3.52323849995931,
    "avg_chunk_3_svd_entropy": 3.5078988075256348,
    "avg_chunk_4_svd_entropy": 3.54775063196818,
    "avg_chunk_5_svd_entropy": 3.509254535039266,
    "total_analyzed_turns": 3
  }
}