{
  "per_turn_metrics": [
    {
      "total_generated_tokens": 395,
      "chunk_svd_entropies": [
        3.266615152359009,
        3.1775403022766113,
        3.130058526992798,
        3.0351784229278564,
        3.1671512126922607
      ],
      "question_id": 82
    },
    {
      "total_generated_tokens": 176,
      "chunk_svd_entropies": [
        2.3355586528778076,
        2.644921064376831,
        2.861567735671997,
        2.731555938720703,
        2.522118091583252
      ],
      "question_id": 83
    },
    {
      "total_generated_tokens": 426,
      "chunk_svd_entropies": [
        3.1009697914123535,
        3.229597568511963,
        3.102163076400757,
        3.1155166625976562,
        3.1264050006866455
      ],
      "question_id": 84
    }
  ],
  "summary": {
    "avg_chunk_1_svd_entropy": 2.901047865549723,
    "avg_chunk_2_svd_entropy": 3.0173529783884683,
    "avg_chunk_3_svd_entropy": 3.0312631130218506,
    "avg_chunk_4_svd_entropy": 2.9607503414154053,
    "avg_chunk_5_svd_entropy": 2.9385581016540527,
    "total_analyzed_turns": 3
  }
}