{
  "sample_metrics": {
    "0": {
      "total_tokens": 338,
      "position_analysis": {
        "chunk_entropies": [
          1.9225013256072998,
          2.1165640354156494,
          1.722278356552124,
          1.657550573348999,
          1.2246475219726562
        ],
        "num_chunks": 5,
        "total_tokens": 338,
        "tokens_per_chunk": 67,
        "chunk_0_entropy": 1.9225013256072998,
        "chunk_1_entropy": 2.1165640354156494,
        "chunk_2_entropy": 1.722278356552124,
        "chunk_3_entropy": 1.657550573348999,
        "chunk_4_entropy": 1.2246475219726562,
        "entropy_decline": 0.6978538036346436,
        "collapse_pattern": "strong_decline"
      },
      "chunk_analysis": {
        "chunk_svd_entropies": [
          1.9409606456756592,
          1.5287531614303589,
          1.4621622562408447
        ],
        "num_chunks": 3,
        "avg_svd_entropy": 1.6439586877822876,
        "std_svd_entropy": 0.2117643492310289
      },
      "token_analysis": {
        "gnc2": 0.0,
        "unc3": 0.0809326171875,
        "num_token_classes": 63
      }
    },
    "1": {
      "total_tokens": 413,
      "position_analysis": {
        "chunk_entropies": [
          1.8186743259429932,
          1.7714766263961792,
          1.5133352279663086,
          1.5862421989440918,
          1.291041612625122
        ],
        "num_chunks": 5,
        "total_tokens": 413,
        "tokens_per_chunk": 82,
        "chunk_0_entropy": 1.8186743259429932,
        "chunk_1_entropy": 1.7714766263961792,
        "chunk_2_entropy": 1.5133352279663086,
        "chunk_3_entropy": 1.5862421989440918,
        "chunk_4_entropy": 1.291041612625122,
        "entropy_decline": 0.5276327133178711,
        "collapse_pattern": "strong_decline"
      },
      "chunk_analysis": {
        "chunk_svd_entropies": [
          1.489082932472229,
          1.1051206588745117,
          1.3028515577316284
        ],
        "num_chunks": 3,
        "avg_svd_entropy": 1.299018383026123,
        "std_svd_entropy": 0.15677537393316224
      },
      "token_analysis": {
        "gnc2": 0.0,
        "unc3": 0.1038818359375,
        "num_token_classes": 78
      }
    },
    "2": {
      "total_tokens": 62,
      "position_analysis": {
        "chunk_entropies": [
          1.7809343338012695,
          1.3538668155670166,
          1.50303316116333,
          1.450718641281128,
          0.9327696561813354
        ],
        "num_chunks": 5,
        "total_tokens": 62,
        "tokens_per_chunk": 12,
        "chunk_0_entropy": 1.7809343338012695,
        "chunk_1_entropy": 1.3538668155670166,
        "chunk_2_entropy": 1.50303316116333,
        "chunk_3_entropy": 1.450718641281128,
        "chunk_4_entropy": 0.9327696561813354,
        "entropy_decline": 0.8481646776199341,
        "collapse_pattern": "strong_decline"
      },
      "chunk_analysis": {
        "chunk_svd_entropies": [],
        "num_chunks": 0,
        "avg_svd_entropy": 0.0,
        "std_svd_entropy": 0.0
      },
      "token_analysis": {
        "gnc2": 0.0,
        "unc3": 0.1341552734375,
        "num_token_classes": 9
      }
    },
    "3": {
      "total_tokens": 214,
      "position_analysis": {
        "chunk_entropies": [
          2.117917060852051,
          1.58003830909729,
          1.5857940912246704,
          1.6205933094024658,
          1.3523591756820679
        ],
        "num_chunks": 5,
        "total_tokens": 214,
        "tokens_per_chunk": 42,
        "chunk_0_entropy": 2.117917060852051,
        "chunk_1_entropy": 1.58003830909729,
        "chunk_2_entropy": 1.5857940912246704,
        "chunk_3_entropy": 1.6205933094024658,
        "chunk_4_entropy": 1.3523591756820679,
        "entropy_decline": 0.7655578851699829,
        "collapse_pattern": "strong_decline"
      },
      "chunk_analysis": {
        "chunk_svd_entropies": [
          1.489082932472229,
          1.4854339361190796
        ],
        "num_chunks": 2,
        "avg_svd_entropy": 1.4872584342956543,
        "std_svd_entropy": 0.001824498176574707
      },
      "token_analysis": {
        "gnc2": 0.0,
        "unc3": 0.1336669921875,
        "num_token_classes": 33
      }
    },
    "4": {
      "total_tokens": 62,
      "position_analysis": {
        "chunk_entropies": [
          1.7809343338012695,
          1.3538668155670166,
          1.50303316116333,
          1.450718641281128,
          0.9327696561813354
        ],
        "num_chunks": 5,
        "total_tokens": 62,
        "tokens_per_chunk": 12,
        "chunk_0_entropy": 1.7809343338012695,
        "chunk_1_entropy": 1.3538668155670166,
        "chunk_2_entropy": 1.50303316116333,
        "chunk_3_entropy": 1.450718641281128,
        "chunk_4_entropy": 0.9327696561813354,
        "entropy_decline": 0.8481646776199341,
        "collapse_pattern": "strong_decline"
      },
      "chunk_analysis": {
        "chunk_svd_entropies": [],
        "num_chunks": 0,
        "avg_svd_entropy": 0.0,
        "std_svd_entropy": 0.0
      },
      "token_analysis": {
        "gnc2": 0.0,
        "unc3": 0.1341552734375,
        "num_token_classes": 9
      }
    },
    "5": {
      "total_tokens": 214,
      "position_analysis": {
        "chunk_entropies": [
          2.117917060852051,
          1.58003830909729,
          1.5857940912246704,
          1.6205933094024658,
          1.3523591756820679
        ],
        "num_chunks": 5,
        "total_tokens": 214,
        "tokens_per_chunk": 42,
        "chunk_0_entropy": 2.117917060852051,
        "chunk_1_entropy": 1.58003830909729,
        "chunk_2_entropy": 1.5857940912246704,
        "chunk_3_entropy": 1.6205933094024658,
        "chunk_4_entropy": 1.3523591756820679,
        "entropy_decline": 0.7655578851699829,
        "collapse_pattern": "strong_decline"
      },
      "chunk_analysis": {
        "chunk_svd_entropies": [
          1.489082932472229,
          1.4854339361190796
        ],
        "num_chunks": 2,
        "avg_svd_entropy": 1.4872584342956543,
        "std_svd_entropy": 0.001824498176574707
      },
      "token_analysis": {
        "gnc2": 0.0,
        "unc3": 0.1336669921875,
        "num_token_classes": 33
      }
    }
  },
  "summary": {
    "num_samples": 6,
    "avg_entropy_decline": 0.7421552737553915,
    "std_entropy_decline": 0.10920462524469468,
    "min_entropy_decline": 0.5276327133178711,
    "max_entropy_decline": 0.8481646776199341,
    "entropy_decline_range": 0.320531964302063,
    "strong_decline_samples": 6,
    "moderate_decline_samples": 0,
    "weak_decline_samples": 0,
    "no_decline_samples": 0,
    "insufficient_chunks_samples": 0,
    "benchmark_avg_chunks": [
      1.923146406809489,
      1.6259751518567402,
      1.5688780148824055,
      1.5644027789433796,
      1.1809911330540974
    ],
    "benchmark_overall_decline": 0.7421552737553916
  },
  "config": {
    "num_position_chunks": 5,
    "min_tokens_per_chunk": 10,
    "chunk_size": 128
  }
}