{
  "per_sample_metrics": [
    {
      "total_generated_tokens": 166,
      "chunk_size": 64,
      "fixed_chunk_svd_entropies": [
        3.599874973297119,
        3.587437152862549
      ],
      "num_valid_chunks": 2,
      "avg_svd_entropy": 3.593656063079834,
      "cv_svd_entropy": 0.0017305245989387831,
      "slope_svd_entropy": -0.012437820434570519,
      "question_id": 4
    },
    {
      "total_generated_tokens": 402,
      "chunk_size": 64,
      "fixed_chunk_svd_entropies": [
        3.6569015979766846,
        3.5538740158081055,
        3.4214413166046143,
        3.5545523166656494,
        3.5734152793884277,
        3.418323278427124
      ],
      "num_valid_chunks": 6,
      "avg_svd_entropy": 3.5297513008117676,
      "cv_svd_entropy": 0.024099894619736117,
      "slope_svd_entropy": -0.028604480198451566,
      "question_id": 5
    }
  ],
  "summary": {
    "total_analyzed_samples": 2,
    "overall_avg_svd_entropy": 3.561703681945801,
    "overall_avg_cv_svd_entropy": 0.01291520960933745,
    "overall_avg_slope_svd_entropy": -0.02052115031651104,
    "overall_avg_wall_time": 9.568246603012085,
    "avg_chunk_idx_0_svd_entropy": 3.628388285636902,
    "avg_chunk_idx_1_svd_entropy": 3.570655584335327,
    "avg_chunk_idx_2_svd_entropy": 3.4214413166046143,
    "avg_chunk_idx_3_svd_entropy": 3.5545523166656494,
    "avg_chunk_idx_4_svd_entropy": 3.5734152793884277,
    "avg_chunk_idx_5_svd_entropy": 3.418323278427124
  }
}